"id";"Nome";"Sexo";"Idade";"Nota de Matematica";"Nota de Portugues"
"1";"Phyllis";"male";"23";"6";"3"
"2";"Harvey";"female";"24";"2";"7"
"3";"Hope";"male";"42";"2";"2"
"4";"Carrie";"female";"32";"4";"5"
"5";"Rhonda";"male";"36";"5";"4"
"6";"Tamara";"male";"21";"9";"3"
"7";"Garrett";"female";"41";"4";"9"
"8";"Walter";"female";"37";"6";"5"
"9";"Debra";"male";"34";"1";"5"
"10";"Francis";"male";"31";"6";"2"
"11";"Willie";"female";"40";"8";"8"
"12";"Lamar";"male";"43";"6";"8"
"13";"David";"female";"42";"7";"10"
"14";"Rodney";"female";"38";"10";"2"
"15";"Hugo";"female";"36";"6";"1"
"16";"Essie";"male";"42";"1";"7"
"17";"Shannon";"female";"18";"6";"1"
"18";"Marjorie";"female";"27";"8";"1"
"19";"Kimberly";"female";"30";"2";"1"
"20";"Terence";"female";"48";"3";"2"
"21";"Charlotte";"male";"34";"1";"10"
"22";"Ben";"male";"45";"7";"10"
"23";"Shirley";"male";"32";"7";"3"
"24";"Mike";"male";"41";"2";"2"
"25";"Ernestine";"female";"27";"10";"8"
"26";"Rosemarie";"male";"30";"10";"8"
"27";"Max";"female";"47";"10";"4"
"28";"Raquel";"female";"36";"4";"1"
"29";"Karl";"male";"23";"1";"6"
"30";"Walter";"male";"32";"5";"4"
"31";"Darren";"female";"20";"6";"1"
"32";"Lester";"female";"23";"10";"6"
"33";"Johnny";"female";"32";"4";"5"
"34";"Roberta";"female";"32";"5";"3"
"35";"Marguerite";"male";"31";"6";"1"
"36";"Winifred";"male";"38";"8";"8"
"37";"Lana";"female";"50";"8";"10"
"38";"Erica";"female";"24";"2";"5"
"39";"Charles";"female";"28";"1";"5"
"40";"Dan";"male";"49";"3";"3"
"41";"Nicholas";"male";"21";"5";"5"
"42";"Abel";"female";"34";"10";"9"
"43";"Kerry";"male";"47";"10";"6"
"44";"Arlene";"female";"27";"1";"8"
"45";"Greg";"male";"39";"5";"5"
"46";"Carl";"female";"26";"3";"1"
"47";"Marta";"male";"31";"7";"1"
"48";"Willie";"male";"29";"4";"9"
"49";"Robin";"male";"24";"9";"9"
"50";"Myron";"male";"31";"6";"3"
"51";"Cameron";"male";"49";"9";"3"
"52";"Theodore";"male";"28";"6";"9"
"53";"Doreen";"male";"43";"9";"5"
"54";"Melvin";"male";"35";"6";"8"
"55";"Elizabeth";"female";"21";"1";"1"
"56";"Stanley";"male";"39";"9";"1"
"57";"Angela";"male";"50";"9";"6"
"58";"Sandra";"female";"33";"10";"9"
"59";"Oliver";"female";"25";"1";"6"
"60";"Jamie";"female";"41";"2";"6"
"61";"Patsy";"male";"26";"5";"5"
"62";"Mildred";"female";"33";"3";"5"
"63";"Corey";"female";"34";"10";"9"
"64";"Shane";"female";"38";"1";"10"
"65";"Silvia";"male";"24";"2";"9"
"66";"Bernadette";"female";"25";"10";"9"
"67";"Tonya";"female";"42";"7";"8"
"68";"Danny";"female";"23";"9";"6"
"69";"Cecilia";"male";"48";"3";"5"
"70";"Ernestine";"male";"35";"9";"1"
"71";"Virgil";"female";"48";"2";"10"
"72";"Danny";"female";"33";"9";"10"
"73";"Nellie";"male";"26";"1";"2"
"74";"Jessica";"male";"43";"5";"3"
"75";"Glenda";"male";"45";"2";"1"
"76";"Darin";"female";"32";"1";"4"
"77";"Randall";"female";"39";"1";"8"
"78";"Sarah";"male";"41";"8";"2"
"79";"Alvin";"female";"34";"10";"10"
"80";"David";"male";"22";"8";"3"
"81";"Samuel";"female";"45";"1";"1"
"82";"Jackie";"male";"35";"5";"1"
"83";"Andres";"female";"22";"8";"9"
"84";"Johanna";"male";"20";"5";"8"
"85";"Luis";"male";"19";"10";"3"
"86";"Lela";"female";"26";"3";"3"
"87";"Rickey";"female";"48";"8";"2"
"88";"Rosemary";"female";"46";"9";"7"
"89";"Leo";"male";"40";"2";"1"
"90";"Rosemary";"male";"26";"10";"4"
"91";"Tim";"female";"25";"10";"8"
"92";"Kellie";"female";"50";"6";"7"
"93";"Keith";"male";"48";"2";"4"
"94";"Aaron";"female";"23";"9";"8"
"95";"Jessie";"female";"28";"10";"6"
"96";"Beulah";"female";"49";"7";"6"
"97";"Kay";"female";"18";"7";"5"
"98";"Kay";"female";"36";"4";"2"
"99";"Erica";"female";"38";"9";"10"
"100";"Cary";"female";"34";"4";"10"
"101";"Rita";"male";"32";"3";"6"
"102";"Jennifer";"male";"27";"1";"4"
"103";"Deborah";"female";"23";"8";"2"
"104";"Nick";"male";"31";"9";"1"
"105";"Marcus";"male";"18";"2";"3"
"106";"Brenda";"female";"31";"2";"7"
"107";"Janie";"male";"28";"9";"2"
"108";"Candace";"female";"23";"4";"5"
"109";"Tracey";"male";"37";"2";"8"
"110";"Gerard";"male";"25";"7";"5"
"111";"Dan";"male";"23";"9";"2"
"112";"Melody";"male";"35";"4";"10"
"113";"Dianne";"female";"31";"10";"4"
"114";"Aubrey";"female";"23";"3";"4"
"115";"Merle";"male";"30";"2";"1"
"116";"Neil";"female";"31";"3";"2"
"117";"Patrick";"male";"23";"6";"7"
"118";"Lela";"female";"33";"8";"5"
"119";"Kevin";"female";"19";"1";"7"
"120";"Kathryn";"male";"46";"9";"9"
"121";"Jeanette";"female";"19";"5";"4"
"122";"Clint";"male";"28";"1";"8"
"123";"Katherine";"female";"38";"10";"1"
"124";"Penny";"male";"41";"10";"9"
"125";"Marlon";"female";"27";"1";"9"
"126";"Natalie";"male";"27";"5";"7"
"127";"Drew";"female";"45";"2";"10"
"128";"Bertha";"male";"21";"3";"4"
"129";"Fredrick";"male";"19";"2";"2"
"130";"Roman";"male";"31";"8";"4"
"131";"Dale";"female";"26";"1";"6"
"132";"Billie";"male";"45";"1";"9"
"133";"Bonnie";"male";"32";"3";"9"
"134";"Karla";"male";"18";"5";"2"
"135";"Clifford";"female";"20";"10";"4"
"136";"Randy";"male";"42";"2";"2"
"137";"Mona";"male";"21";"1";"7"
"138";"Bobby";"male";"25";"5";"9"
"139";"Timothy";"male";"35";"2";"4"
"140";"Ralph";"female";"21";"7";"7"
"141";"Samuel";"male";"33";"10";"2"
"142";"Ray";"male";"46";"8";"2"
"143";"Ruth";"male";"35";"4";"1"
"144";"Justin";"male";"18";"10";"8"
"145";"Kristina";"male";"30";"1";"7"
"146";"Hubert";"female";"48";"7";"10"
"147";"Gary";"male";"44";"9";"10"
"148";"Roberta";"male";"50";"9";"9"
"149";"Ed";"male";"28";"1";"7"
"150";"Heidi";"male";"37";"6";"2"
"151";"May";"male";"47";"2";"3"
"152";"Angel";"male";"41";"10";"5"
"153";"Mable";"female";"19";"5";"10"
"154";"Judy";"male";"47";"1";"4"
"155";"Joanna";"female";"24";"6";"8"
"156";"Denise";"female";"43";"6";"7"
"157";"Linda";"male";"18";"10";"6"
"158";"Lucy";"female";"29";"6";"8"
"159";"Ken";"female";"47";"5";"1"
"160";"Sonia";"female";"47";"9";"3"
"161";"Lester";"male";"48";"2";"3"
"162";"Pauline";"male";"20";"6";"8"
"163";"Johnathan";"female";"19";"9";"7"
"164";"Cornelius";"male";"50";"4";"8"
"165";"Delia";"female";"33";"3";"3"
"166";"Vanessa";"male";"39";"2";"7"
"167";"Ron";"male";"34";"8";"8"
"168";"Mitchell";"female";"25";"7";"7"
"169";"Ross";"female";"29";"8";"6"
"170";"Carmen";"male";"18";"9";"5"
"171";"Jean";"female";"42";"4";"9"
"172";"Leland";"female";"49";"9";"7"
"173";"Josh";"female";"25";"3";"1"
"174";"Tiffany";"female";"38";"6";"3"
"175";"Patty";"female";"46";"7";"8"
"176";"Colleen";"female";"42";"8";"6"
"177";"Dominick";"female";"43";"5";"5"
"178";"Arlene";"female";"34";"1";"9"
"179";"Kelley";"female";"18";"5";"8"
"180";"Alma";"male";"49";"10";"7"
"181";"Lewis";"male";"43";"1";"5"
"182";"Austin";"male";"19";"7";"7"
"183";"Oscar";"female";"24";"7";"1"
"184";"Malcolm";"male";"24";"2";"3"
"185";"Candace";"male";"45";"9";"5"
"186";"Lynn";"male";"28";"6";"1"
"187";"Carolyn";"male";"49";"5";"9"
"188";"Elsa";"female";"40";"5";"2"
"189";"Janice";"female";"48";"1";"9"
"190";"Jo";"female";"42";"7";"6"
"191";"Tiffany";"female";"26";"5";"9"
"192";"Jessica";"female";"30";"2";"5"
"193";"Jean";"female";"33";"7";"7"
"194";"Winston";"female";"37";"4";"6"
"195";"John";"male";"28";"6";"8"
"196";"Lawrence";"male";"33";"1";"4"
"197";"Suzanne";"female";"25";"8";"4"
"198";"Faith";"female";"22";"6";"6"
"199";"Cary";"male";"43";"7";"4"
"200";"Marguerite";"male";"29";"5";"7"
"201";"Earl";"female";"42";"10";"8"
"202";"Dallas";"male";"36";"8";"6"
"203";"Jeffery";"male";"19";"10";"3"
"204";"Cesar";"female";"46";"6";"9"
"205";"Elsa";"female";"48";"10";"3"
"206";"Joe";"male";"32";"7";"5"
"207";"Nathan";"female";"19";"3";"3"
"208";"Claudia";"female";"47";"1";"8"
"209";"Teresa";"female";"49";"8";"8"
"210";"Austin";"male";"46";"1";"7"
"211";"Alberta";"male";"37";"6";"6"
"212";"Gabriel";"female";"23";"2";"8"
"213";"Isaac";"male";"39";"10";"6"
"214";"Randy";"female";"32";"4";"10"
"215";"Kirk";"female";"48";"5";"3"
"216";"Patsy";"male";"29";"3";"4"
"217";"Karla";"male";"25";"7";"8"
"218";"Domingo";"male";"28";"7";"3"
"219";"Rita";"male";"21";"2";"7"
"220";"Antonia";"female";"35";"8";"3"
"221";"Wilma";"female";"27";"8";"5"
"222";"Bridget";"female";"42";"2";"7"
"223";"Lester";"female";"50";"6";"9"
"224";"Sarah";"male";"30";"5";"8"
"225";"Bradley";"male";"42";"6";"5"
"226";"Julian";"male";"24";"1";"10"
"227";"Kate";"male";"38";"2";"6"
"228";"Jean";"female";"49";"8";"9"
"229";"Jared";"female";"47";"5";"2"
"230";"Blanca";"male";"34";"9";"3"
"231";"Lynette";"female";"19";"4";"4"
"232";"Leroy";"female";"34";"4";"8"
"233";"Hector";"female";"22";"1";"2"
"234";"Dolores";"female";"46";"7";"1"
"235";"Rafael";"male";"33";"6";"6"
"236";"Sergio";"female";"28";"9";"8"
"237";"Brandon";"female";"37";"10";"5"
"238";"Orville";"male";"39";"8";"2"
"239";"Maureen";"female";"18";"8";"7"
"240";"Kenny";"male";"32";"10";"1"
"241";"Julian";"female";"25";"10";"5"
"242";"Olivia";"male";"22";"1";"4"
"243";"Eduardo";"female";"40";"4";"9"
"244";"Alex";"female";"18";"2";"3"
"245";"Hector";"female";"28";"6";"3"
"246";"Wilbert";"male";"27";"1";"1"
"247";"Julio";"male";"50";"2";"4"
"248";"Oliver";"female";"22";"5";"5"
"249";"Omar";"female";"35";"9";"3"
"250";"Steve";"female";"21";"8";"2"
"251";"Orlando";"male";"29";"6";"7"
"252";"Darnell";"female";"36";"6";"1"
"253";"Jo";"male";"45";"4";"1"
"254";"Minnie";"female";"44";"3";"3"
"255";"Felipe";"female";"35";"10";"3"
"256";"Grant";"female";"39";"7";"5"
"257";"Max";"male";"31";"2";"7"
"258";"Jodi";"male";"47";"10";"3"
"259";"Barry";"female";"29";"3";"10"
"260";"Pearl";"male";"41";"2";"1"
"261";"Shannon";"female";"49";"5";"4"
"262";"David";"male";"25";"6";"10"
"263";"Nick";"female";"38";"6";"2"
"264";"Beth";"female";"44";"9";"9"
"265";"Vera";"female";"19";"7";"5"
"266";"Lance";"female";"49";"8";"1"
"267";"Karla";"male";"23";"2";"7"
"268";"Alison";"male";"48";"5";"5"
"269";"Lila";"male";"38";"5";"3"
"270";"Holly";"female";"43";"3";"8"
"271";"Frederick";"male";"50";"4";"3"
"272";"Craig";"female";"24";"8";"2"
"273";"Ramona";"female";"23";"10";"4"
"274";"Virgil";"female";"23";"9";"10"
"275";"Kayla";"male";"44";"5";"2"
"276";"Beverly";"male";"27";"3";"3"
"277";"Edmond";"male";"41";"9";"1"
"278";"Lynn";"male";"29";"10";"2"
"279";"Woodrow";"female";"48";"6";"6"
"280";"Kelly";"female";"24";"1";"10"
"281";"Edgar";"male";"27";"1";"3"
"282";"Doug";"male";"50";"10";"7"
"283";"Irma";"female";"47";"2";"9"
"284";"Erik";"female";"42";"7";"10"
"285";"Shari";"female";"40";"1";"3"
"286";"Marty";"female";"28";"2";"10"
"287";"Clay";"male";"30";"10";"2"
"288";"Lindsay";"male";"45";"10";"1"
"289";"Floyd";"female";"22";"2";"4"
"290";"Craig";"male";"49";"5";"8"
"291";"Don";"male";"24";"7";"8"
"292";"Shawn";"male";"28";"6";"8"
"293";"Jay";"female";"32";"6";"1"
"294";"Kathryn";"male";"19";"4";"10"
"295";"Crystal";"female";"42";"3";"5"
"296";"Josephine";"male";"44";"2";"4"
"297";"Maureen";"female";"24";"3";"4"
"298";"Olivia";"male";"25";"5";"4"
"299";"Celia";"male";"21";"10";"6"
"300";"Andy";"male";"30";"5";"1"
"301";"Corey";"female";"43";"6";"1"
"302";"Elbert";"male";"37";"8";"9"
"303";"Boyd";"male";"32";"6";"1"
"304";"Claire";"male";"44";"10";"4"
"305";"Lucy";"male";"34";"6";"5"
"306";"Stuart";"female";"41";"10";"8"
"307";"Deborah";"female";"24";"4";"4"
"308";"Miranda";"female";"36";"2";"8"
"309";"Leslie";"female";"43";"9";"1"
"310";"Anthony";"female";"40";"9";"8"
"311";"Levi";"female";"19";"4";"10"
"312";"Brenda";"female";"27";"8";"5"
"313";"Rachel";"female";"25";"8";"4"
"314";"Elsa";"male";"39";"5";"2"
"315";"Jo";"male";"32";"8";"10"
"316";"Gene";"female";"42";"3";"4"
"317";"Tamara";"male";"22";"5";"1"
"318";"Jacquelyn";"female";"45";"10";"8"
"319";"Myra";"female";"31";"4";"6"
"320";"Angelica";"female";"34";"2";"3"
"321";"Kristy";"male";"23";"4";"5"
"322";"Christian";"male";"50";"10";"2"
"323";"Luz";"male";"34";"10";"8"
"324";"Carl";"female";"32";"9";"7"
"325";"Shane";"female";"20";"8";"10"
"326";"Ivan";"female";"24";"4";"2"
"327";"Julie";"female";"33";"3";"3"
"328";"Isaac";"female";"41";"2";"9"
"329";"Seth";"female";"21";"8";"2"
"330";"Glenda";"female";"29";"7";"4"
"331";"Willis";"female";"24";"8";"7"
"332";"Jamie";"male";"37";"6";"2"
"333";"Kelly";"female";"28";"9";"2"
"334";"Wesley";"male";"44";"3";"6"
"335";"Teresa";"female";"44";"3";"9"
"336";"Clark";"female";"22";"1";"5"
"337";"Ann";"female";"33";"8";"10"
"338";"Olivia";"male";"38";"1";"8"
"339";"Josephine";"male";"21";"5";"6"
"340";"Rudolph";"male";"33";"7";"6"
"341";"Eugene";"female";"30";"6";"3"
"342";"Jeremy";"male";"27";"7";"7"
"343";"Roberto";"female";"26";"9";"2"
"344";"Rafael";"female";"29";"1";"5"
"345";"Christine";"female";"27";"8";"6"
"346";"Belinda";"male";"36";"3";"4"
"347";"Santiago";"female";"19";"5";"2"
"348";"Chris";"male";"47";"1";"1"
"349";"Clifton";"male";"26";"8";"2"
"350";"Marsha";"male";"40";"9";"3"
"351";"Nathaniel";"female";"18";"7";"3"
"352";"Priscilla";"male";"50";"10";"6"
"353";"Ismael";"male";"27";"2";"5"
"354";"Lucia";"male";"28";"1";"5"
"355";"Eunice";"male";"18";"9";"1"
"356";"Rick";"female";"29";"1";"8"
"357";"Drew";"male";"34";"9";"1"
"358";"Rachel";"male";"26";"9";"1"
"359";"Katrina";"male";"47";"9";"6"
"360";"Archie";"male";"29";"6";"6"
"361";"Saul";"male";"43";"9";"2"
"362";"Carol";"female";"46";"1";"1"
"363";"Chad";"male";"30";"2";"2"
"364";"Josefina";"male";"39";"4";"4"
"365";"Martha";"male";"42";"10";"6"
"366";"Stacey";"female";"34";"8";"10"
"367";"Sergio";"female";"45";"10";"3"
"368";"Lynda";"male";"44";"5";"8"
"369";"Gerardo";"female";"30";"3";"9"
"370";"Dianne";"male";"22";"8";"2"
"371";"Lena";"female";"31";"3";"8"
"372";"Pat";"female";"22";"8";"6"
"373";"Janet";"female";"49";"10";"3"
"374";"Guadalupe";"female";"45";"2";"4"
"375";"Lucille";"female";"50";"10";"1"
"376";"Sarah";"male";"26";"6";"4"
"377";"Willie";"male";"20";"2";"4"
"378";"Everett";"male";"29";"6";"6"
"379";"Regina";"female";"22";"3";"7"
"380";"Arnold";"female";"25";"6";"5"
"381";"Antonia";"male";"37";"4";"4"
"382";"Carrie";"female";"23";"3";"9"
"383";"Pat";"male";"41";"10";"2"
"384";"Rochelle";"male";"41";"7";"10"
"385";"Erica";"male";"29";"5";"1"
"386";"Jasmine";"female";"48";"10";"6"
"387";"Clifton";"female";"27";"7";"10"
"388";"Horace";"female";"41";"9";"7"
"389";"Jan";"male";"26";"8";"10"
"390";"Lisa";"male";"23";"2";"3"
"391";"Mae";"male";"32";"5";"6"
"392";"Bradford";"female";"19";"9";"7"
"393";"Clara";"male";"38";"6";"3"
"394";"Marion";"female";"25";"7";"3"
"395";"Bradford";"male";"34";"1";"3"
"396";"Shari";"male";"18";"2";"2"
"397";"Melissa";"male";"49";"3";"8"
"398";"Damon";"female";"36";"9";"8"
"399";"Lee";"male";"22";"10";"1"
"400";"Nora";"female";"18";"3";"5"
"401";"Brooke";"female";"20";"4";"10"
"402";"Eleanor";"male";"42";"7";"4"
"403";"Holly";"male";"35";"8";"2"
"404";"Maureen";"male";"35";"4";"6"
"405";"Terrence";"male";"43";"9";"4"
"406";"Ebony";"male";"25";"5";"7"
"407";"Darrell";"male";"36";"1";"5"
"408";"Geneva";"male";"49";"3";"3"
"409";"Freddie";"male";"45";"5";"8"
"410";"Elias";"female";"25";"10";"4"
"411";"Ethel";"male";"31";"10";"4"
"412";"Cora";"male";"25";"10";"10"
"413";"Kara";"female";"44";"2";"2"
"414";"Shari";"female";"33";"6";"3"
"415";"Ginger";"female";"35";"10";"6"
"416";"Jenna";"female";"20";"2";"3"
"417";"Vicky";"female";"43";"1";"8"
"418";"Heidi";"female";"31";"3";"6"
"419";"Saul";"female";"48";"3";"9"
"420";"Betty";"male";"45";"9";"7"
"421";"Edith";"male";"20";"1";"6"
"422";"Lora";"male";"27";"7";"5"
"423";"Gustavo";"male";"34";"9";"2"
"424";"Christina";"male";"48";"1";"1"
"425";"Shelia";"male";"47";"8";"8"
"426";"Maria";"female";"23";"9";"6"
"427";"Rachael";"female";"25";"6";"7"
"428";"Guy";"male";"28";"6";"1"
"429";"Nathan";"female";"23";"6";"4"
"430";"Yolanda";"female";"23";"9";"9"
"431";"Johnnie";"male";"30";"9";"10"
"432";"Verna";"female";"34";"10";"9"
"433";"Kendra";"male";"41";"4";"5"
"434";"Monique";"male";"46";"4";"8"
"435";"Glenda";"male";"32";"5";"3"
"436";"Marianne";"female";"45";"6";"8"
"437";"Dan";"female";"38";"9";"6"
"438";"Priscilla";"female";"39";"3";"6"
"439";"Clifford";"female";"28";"2";"3"
"440";"Marian";"male";"47";"5";"6"
"441";"Virgil";"female";"40";"10";"6"
"442";"Jeremy";"male";"24";"10";"7"
"443";"Julio";"female";"42";"6";"6"
"444";"Sherry";"male";"28";"4";"10"
"445";"Ruby";"female";"32";"9";"1"
"446";"Byron";"male";"24";"8";"7"
"447";"Cecelia";"male";"27";"2";"4"
"448";"Santiago";"female";"50";"4";"4"
"449";"Marty";"female";"38";"3";"10"
"450";"Carolyn";"male";"29";"1";"1"
"451";"Alton";"female";"27";"10";"5"
"452";"Eula";"female";"47";"8";"1"
"453";"Carrie";"male";"19";"9";"4"
"454";"Gayle";"male";"44";"9";"2"
"455";"Ruby";"male";"50";"8";"6"
"456";"Marcos";"male";"28";"6";"6"
"457";"Neal";"female";"32";"3";"5"
"458";"Claude";"female";"35";"5";"1"
"459";"Lewis";"female";"34";"1";"2"
"460";"Amos";"male";"33";"2";"7"
"461";"Harriet";"female";"36";"2";"6"
"462";"Katherine";"female";"49";"9";"7"
"463";"Johnnie";"female";"23";"5";"3"
"464";"Yvonne";"male";"41";"6";"4"
"465";"Amelia";"male";"41";"2";"5"
"466";"Rebecca";"male";"40";"6";"1"
"467";"Bennie";"female";"47";"1";"3"
"468";"Leo";"male";"38";"6";"9"
"469";"Mario";"male";"38";"8";"8"
"470";"Bernard";"female";"49";"7";"8"
"471";"Tony";"female";"18";"3";"3"
"472";"Cory";"female";"28";"1";"7"
"473";"Fred";"male";"38";"10";"6"
"474";"Sara";"male";"42";"6";"7"
"475";"Walter";"female";"37";"2";"7"
"476";"Jermaine";"female";"24";"1";"2"
"477";"Luther";"female";"19";"6";"5"
"478";"Frances";"female";"44";"1";"4"
"479";"Bob";"female";"20";"7";"4"
"480";"Marlene";"male";"22";"2";"2"
"481";"Stewart";"female";"40";"7";"7"
"482";"Megan";"male";"30";"1";"5"
"483";"Calvin";"male";"40";"4";"6"
"484";"Kimberly";"male";"45";"8";"10"
"485";"Dennis";"male";"44";"9";"6"
"486";"Ronnie";"female";"36";"4";"9"
"487";"Linda";"male";"45";"1";"3"
"488";"Otis";"male";"47";"5";"3"
"489";"Anita";"male";"47";"1";"9"
"490";"Earl";"male";"23";"9";"4"
"491";"Lisa";"female";"50";"7";"7"
"492";"Timmy";"female";"47";"6";"8"
"493";"Kelvin";"male";"40";"4";"6"
"494";"Annette";"male";"19";"10";"3"
"495";"Forrest";"male";"20";"8";"7"
"496";"Rosa";"male";"47";"8";"1"
"497";"Tricia";"male";"25";"3";"4"
"498";"Alfonso";"male";"32";"4";"8"
"499";"Lee";"female";"43";"7";"6"
"500";"Howard";"female";"18";"8";"6"
"501";"Violet";"male";"18";"4";"4"
"502";"Sandra";"female";"40";"10";"10"
"503";"Angelica";"female";"49";"8";"3"
"504";"Wm";"male";"20";"1";"8"
"505";"Rita";"male";"26";"8";"4"
"506";"Gloria";"female";"32";"9";"3"
"507";"Tommie";"female";"34";"5";"10"
"508";"Irving";"female";"22";"10";"4"
"509";"Kristopher";"female";"45";"7";"4"
"510";"Kent";"male";"25";"2";"4"
"511";"Shaun";"male";"36";"3";"8"
"512";"Freda";"male";"45";"3";"7"
"513";"Holly";"female";"31";"5";"6"
"514";"Marshall";"male";"42";"1";"8"
"515";"Philip";"male";"21";"7";"9"
"516";"Angelina";"female";"28";"4";"3"
"517";"Jeremiah";"female";"28";"6";"6"
"518";"Elena";"male";"27";"4";"1"
"519";"Ignacio";"female";"50";"8";"8"
"520";"Nathaniel";"female";"50";"2";"5"
"521";"Bertha";"female";"18";"5";"2"
"522";"Cristina";"female";"50";"3";"5"
"523";"Lori";"male";"43";"10";"4"
"524";"Michael";"female";"35";"1";"5"
"525";"Duane";"female";"43";"3";"9"
"526";"April";"male";"44";"5";"6"
"527";"Jeremy";"female";"28";"7";"3"
"528";"Darren";"male";"48";"3";"2"
"529";"Jonathan";"male";"47";"6";"4"
"530";"Dorothy";"male";"33";"4";"9"
"531";"Opal";"female";"48";"7";"10"
"532";"Carroll";"male";"44";"8";"4"
"533";"Van";"male";"47";"3";"10"
"534";"Lana";"male";"42";"7";"5"
"535";"Emmett";"male";"39";"8";"4"
"536";"Terence";"male";"28";"7";"9"
"537";"Antoinette";"female";"44";"5";"10"
"538";"Lance";"male";"20";"8";"2"
"539";"Diana";"male";"40";"10";"9"
"540";"Noah";"female";"32";"7";"8"
"541";"Delores";"male";"28";"8";"2"
"542";"Eugene";"male";"41";"3";"10"
"543";"Ramiro";"female";"44";"1";"1"
"544";"Ada";"male";"49";"7";"8"
"545";"Annette";"female";"50";"3";"8"
"546";"Garry";"female";"41";"7";"2"
"547";"Wade";"male";"29";"7";"1"
"548";"Julian";"male";"26";"4";"1"
"549";"Maurice";"female";"19";"2";"10"
"550";"Rosalie";"female";"47";"9";"10"
"551";"Lindsay";"female";"35";"10";"10"
"552";"Sheryl";"male";"49";"1";"5"
"553";"Winston";"female";"27";"4";"6"
"554";"Dwight";"female";"42";"8";"1"
"555";"Eloise";"male";"42";"7";"3"
"556";"Minnie";"female";"31";"6";"10"
"557";"Trevor";"female";"32";"8";"3"
"558";"Matthew";"male";"35";"7";"7"
"559";"Agnes";"male";"41";"2";"10"
"560";"Ramon";"male";"32";"2";"4"
"561";"Hattie";"female";"29";"2";"6"
"562";"Carlton";"male";"47";"7";"6"
"563";"Raul";"female";"30";"7";"10"
"564";"Domingo";"male";"35";"1";"4"
"565";"Lyle";"female";"47";"6";"2"
"566";"Rachel";"female";"50";"7";"3"
"567";"Cory";"female";"40";"3";"2"
"568";"Denise";"male";"31";"6";"6"
"569";"Peter";"female";"46";"1";"5"
"570";"Scott";"male";"25";"8";"6"
"571";"Priscilla";"male";"30";"10";"6"
"572";"Angel";"female";"23";"10";"8"
"573";"Lynda";"male";"42";"3";"4"
"574";"Cameron";"female";"48";"8";"5"
"575";"Richard";"male";"33";"10";"6"
"576";"Miranda";"male";"32";"7";"8"
"577";"Tom";"male";"49";"9";"7"
"578";"Bonnie";"female";"49";"2";"2"
"579";"Betty";"male";"23";"3";"1"
"580";"Lucas";"female";"46";"3";"2"
"581";"Julio";"female";"23";"9";"2"
"582";"Kathleen";"female";"27";"7";"8"
"583";"Darryl";"female";"24";"1";"8"
"584";"Sophia";"female";"46";"10";"3"
"585";"Laura";"female";"34";"6";"4"
"586";"Lucy";"female";"30";"6";"6"
"587";"Alice";"female";"35";"4";"7"
"588";"Rose";"male";"28";"9";"8"
"589";"Bryant";"female";"19";"3";"9"
"590";"Lorraine";"female";"32";"10";"1"
"591";"Denise";"male";"25";"5";"8"
"592";"Cecelia";"female";"35";"1";"10"
"593";"Della";"female";"29";"6";"8"
"594";"Laverne";"male";"36";"3";"1"
"595";"Pat";"male";"34";"1";"6"
"596";"Sean";"female";"40";"10";"5"
"597";"Carmen";"male";"18";"1";"8"
"598";"Timmy";"male";"37";"8";"4"
"599";"Don";"female";"31";"4";"8"
"600";"Marcos";"male";"24";"7";"6"
"601";"Ramiro";"female";"50";"2";"6"
"602";"Johnathan";"male";"37";"8";"8"
"603";"Alexis";"male";"26";"2";"8"
"604";"Lois";"male";"21";"5";"3"
"605";"Ivan";"female";"46";"4";"9"
"606";"Joe";"male";"29";"5";"3"
"607";"Marguerite";"female";"27";"10";"3"
"608";"Jean";"male";"25";"9";"3"
"609";"Beatrice";"male";"29";"10";"3"
"610";"Abel";"female";"33";"8";"3"
"611";"Jeannette";"female";"44";"6";"1"
"612";"Stacey";"male";"47";"8";"8"
"613";"Dwight";"female";"39";"4";"10"
"614";"Joanna";"female";"26";"4";"2"
"615";"Wesley";"male";"44";"1";"10"
"616";"Saul";"male";"49";"10";"4"
"617";"Evelyn";"female";"50";"8";"4"
"618";"Jeremy";"female";"26";"4";"10"
"619";"Sheri";"male";"44";"3";"3"
"620";"Rochelle";"male";"44";"1";"1"
"621";"Andrew";"female";"31";"6";"6"
"622";"Owen";"female";"45";"1";"7"
"623";"Rosemarie";"female";"25";"10";"5"
"624";"Lila";"female";"23";"5";"4"
"625";"Cecil";"female";"39";"10";"9"
"626";"Elias";"male";"20";"10";"1"
"627";"Evan";"male";"40";"9";"7"
"628";"Dean";"female";"29";"2";"1"
"629";"Raymond";"male";"18";"1";"7"
"630";"Herman";"male";"27";"2";"9"
"631";"Andy";"female";"33";"9";"9"
"632";"Shawna";"male";"36";"9";"7"
"633";"Otis";"male";"46";"7";"2"
"634";"Betsy";"male";"24";"3";"8"
"635";"Angelina";"female";"32";"4";"7"
"636";"Darren";"female";"18";"1";"5"
"637";"Camille";"male";"19";"7";"6"
"638";"Cornelius";"female";"19";"4";"9"
"639";"Nick";"male";"39";"1";"9"
"640";"Freddie";"male";"19";"9";"9"
"641";"Jack";"female";"48";"3";"7"
"642";"Tracy";"male";"18";"10";"1"
"643";"Michelle";"female";"28";"2";"6"
"644";"Antonio";"male";"50";"7";"1"
"645";"Amy";"female";"40";"7";"2"
"646";"Genevieve";"female";"23";"3";"6"
"647";"Rafael";"male";"50";"7";"1"
"648";"Morris";"male";"19";"7";"5"
"649";"Willie";"male";"29";"3";"6"
"650";"Tyrone";"female";"29";"2";"8"
"651";"Ronald";"male";"35";"2";"8"
"652";"Reginald";"female";"31";"6";"6"
"653";"Ross";"male";"25";"10";"5"
"654";"Bert";"male";"36";"1";"1"
"655";"Lucia";"female";"27";"5";"6"
"656";"Dana";"female";"30";"3";"6"
"657";"Annie";"male";"19";"1";"1"
"658";"Winston";"female";"18";"1";"8"
"659";"April";"male";"23";"4";"3"
"660";"Archie";"female";"47";"5";"4"
"661";"Morris";"female";"49";"9";"9"
"662";"Archie";"female";"25";"3";"1"
"663";"Monica";"female";"45";"5";"3"
"664";"Molly";"male";"42";"4";"8"
"665";"Sophie";"male";"38";"3";"5"
"666";"Viola";"female";"27";"5";"10"
"667";"Vernon";"male";"45";"1";"5"
"668";"Rosa";"male";"49";"3";"10"
"669";"Alfred";"female";"39";"4";"7"
"670";"Lynn";"female";"19";"9";"4"
"671";"Max";"female";"23";"8";"8"
"672";"Priscilla";"female";"35";"8";"2"
"673";"Lisa";"female";"33";"1";"3"
"674";"Kristy";"female";"31";"6";"4"
"675";"Scott";"male";"49";"8";"7"
"676";"Christian";"female";"45";"7";"10"
"677";"Dale";"female";"33";"9";"9"
"678";"Wilma";"male";"46";"9";"2"
"679";"Ruth";"male";"21";"8";"10"
"680";"Bob";"male";"48";"2";"7"
"681";"Victoria";"female";"29";"10";"7"
"682";"Walter";"female";"48";"9";"8"
"683";"Lynne";"female";"26";"8";"7"
"684";"Elisa";"male";"21";"9";"6"
"685";"Gregory";"female";"30";"6";"3"
"686";"Jeffrey";"female";"24";"9";"4"
"687";"Lois";"female";"33";"2";"3"
"688";"Gilberto";"male";"29";"7";"6"
"689";"Jean";"male";"24";"4";"10"
"690";"Miguel";"male";"19";"7";"8"
"691";"Doug";"male";"19";"7";"4"
"692";"Benjamin";"male";"29";"5";"9"
"693";"Nicolas";"female";"32";"8";"5"
"694";"Nettie";"female";"24";"8";"2"
"695";"Angelo";"female";"49";"9";"4"
"696";"Adrian";"male";"39";"5";"3"
"697";"Floyd";"male";"25";"5";"4"
"698";"Josefina";"female";"29";"5";"4"
"699";"Krista";"female";"19";"2";"5"
"700";"Dominick";"male";"43";"5";"4"
"701";"Mark";"male";"44";"7";"8"
"702";"Ann";"female";"41";"1";"9"
"703";"Nora";"female";"48";"2";"10"
"704";"Desiree";"male";"39";"1";"3"
"705";"Lucas";"female";"27";"10";"1"
"706";"Gwen";"female";"48";"2";"1"
"707";"Andre";"female";"19";"5";"5"
"708";"Louis";"female";"20";"5";"10"
"709";"Henry";"female";"33";"6";"5"
"710";"Jacquelyn";"female";"36";"10";"6"
"711";"Rita";"male";"29";"5";"3"
"712";"Jeff";"male";"36";"10";"4"
"713";"Gertrude";"female";"45";"7";"5"
"714";"Emmett";"male";"47";"8";"5"
"715";"Casey";"male";"40";"6";"9"
"716";"Ebony";"male";"47";"4";"1"
"717";"Irma";"male";"34";"3";"6"
"718";"Sophie";"female";"47";"8";"7"
"719";"Ethel";"female";"48";"1";"5"
"720";"Luz";"male";"28";"9";"8"
"721";"Kristy";"male";"28";"7";"6"
"722";"Curtis";"female";"40";"4";"9"
"723";"Edgar";"female";"19";"2";"4"
"724";"Cecelia";"female";"20";"5";"7"
"725";"Shawna";"male";"25";"5";"6"
"726";"Lloyd";"female";"30";"5";"3"
"727";"Marcos";"male";"18";"3";"1"
"728";"Elizabeth";"male";"46";"4";"2"
"729";"Angelica";"male";"20";"5";"6"
"730";"Elsie";"male";"39";"5";"6"
"731";"Verna";"female";"39";"3";"7"
"732";"Emily";"male";"37";"6";"4"
"733";"Janie";"male";"41";"9";"8"
"734";"Yvette";"male";"23";"5";"1"
"735";"Sherry";"female";"39";"3";"2"
"736";"Jo";"female";"37";"4";"1"
"737";"Kendra";"male";"28";"4";"2"
"738";"Melba";"male";"45";"9";"10"
"739";"Hector";"male";"39";"10";"10"
"740";"Deanna";"male";"37";"5";"7"
"741";"Connie";"male";"46";"8";"9"
"742";"Brett";"male";"48";"9";"3"
"743";"Luther";"female";"46";"9";"8"
"744";"Dan";"female";"25";"7";"1"
"745";"Wanda";"female";"45";"1";"5"
"746";"Damon";"male";"36";"1";"8"
"747";"Cathy";"female";"22";"7";"4"
"748";"Janice";"male";"20";"2";"2"
"749";"Crystal";"male";"45";"5";"6"
"750";"Howard";"female";"33";"1";"1"
"751";"Richard";"male";"29";"6";"2"
"752";"Leah";"female";"42";"3";"6"
"753";"Michelle";"male";"31";"9";"10"
"754";"Eddie";"female";"24";"6";"8"
"755";"Billie";"male";"50";"3";"8"
"756";"Jean";"female";"50";"6";"3"
"757";"David";"female";"36";"10";"10"
"758";"Kendra";"female";"48";"9";"4"
"759";"Ryan";"male";"33";"9";"7"
"760";"Toby";"female";"33";"8";"8"
"761";"Veronica";"female";"23";"5";"9"
"762";"Julie";"female";"41";"9";"10"
"763";"Nichole";"male";"40";"5";"6"
"764";"Vera";"female";"22";"3";"8"
"765";"Darrel";"male";"27";"4";"10"
"766";"Hannah";"male";"42";"6";"8"
"767";"Terry";"female";"32";"4";"3"
"768";"Emanuel";"female";"37";"1";"1"
"769";"Jordan";"male";"22";"1";"10"
"770";"Lorenzo";"female";"21";"10";"7"
"771";"Freda";"female";"23";"2";"2"
"772";"Wanda";"male";"41";"4";"3"
"773";"Veronica";"female";"28";"7";"10"
"774";"Marcia";"male";"46";"7";"3"
"775";"Flora";"male";"24";"2";"1"
"776";"Sergio";"male";"43";"1";"3"
"777";"Amos";"female";"31";"5";"7"
"778";"Georgia";"female";"46";"5";"9"
"779";"Rosalie";"male";"43";"2";"6"
"780";"Leon";"female";"30";"7";"7"
"781";"Melissa";"male";"46";"2";"3"
"782";"Kent";"male";"24";"10";"9"
"783";"Darren";"female";"22";"3";"8"
"784";"Omar";"male";"42";"2";"5"
"785";"Keith";"female";"19";"6";"1"
"786";"Dustin";"female";"45";"5";"3"
"787";"Joey";"male";"23";"1";"4"
"788";"Ellis";"female";"34";"3";"2"
"789";"Candice";"male";"18";"10";"9"
"790";"Rex";"male";"39";"10";"1"
"791";"Ollie";"female";"43";"7";"9"
"792";"Timmy";"female";"18";"8";"10"
"793";"Traci";"male";"37";"5";"1"
"794";"Jimmy";"male";"40";"4";"5"
"795";"Lucia";"female";"45";"6";"4"
"796";"Milton";"female";"41";"5";"6"
"797";"Vicki";"male";"50";"1";"10"
"798";"Rufus";"male";"18";"6";"7"
"799";"Kristie";"male";"34";"7";"2"
"800";"Angelina";"male";"21";"8";"8"
"801";"Olivia";"male";"32";"7";"7"
"802";"Rosalie";"female";"45";"4";"2"
"803";"Teresa";"female";"28";"10";"1"
"804";"Jeanette";"male";"43";"9";"9"
"805";"Charlie";"female";"34";"4";"5"
"806";"Terrence";"male";"47";"3";"8"
"807";"Krystal";"female";"47";"4";"1"
"808";"Sheryl";"female";"22";"5";"2"
"809";"Rebecca";"female";"24";"7";"4"
"810";"Daisy";"male";"43";"4";"4"
"811";"Rafael";"female";"44";"5";"3"
"812";"Moses";"female";"50";"5";"6"
"813";"Alex";"male";"45";"8";"8"
"814";"Valerie";"male";"22";"4";"1"
"815";"Jan";"male";"45";"7";"5"
"816";"Cristina";"female";"25";"4";"3"
"817";"Carlos";"female";"37";"1";"7"
"818";"Brooke";"female";"27";"8";"8"
"819";"Raul";"female";"33";"8";"10"
"820";"Angel";"male";"36";"7";"3"
"821";"Bridget";"male";"41";"5";"2"
"822";"Sharon";"female";"23";"2";"1"
"823";"Leo";"female";"42";"9";"7"
"824";"Denise";"female";"32";"9";"4"
"825";"Maggie";"female";"27";"4";"7"
"826";"Ada";"female";"18";"7";"9"
"827";"Toni";"female";"31";"10";"2"
"828";"Ella";"female";"33";"3";"10"
"829";"George";"female";"32";"8";"9"
"830";"Darryl";"male";"43";"6";"5"
"831";"Spencer";"female";"30";"7";"9"
"832";"Ken";"female";"39";"8";"8"
"833";"Evan";"female";"32";"4";"7"
"834";"Allison";"female";"26";"7";"7"
"835";"Teri";"male";"18";"9";"5"
"836";"Tom";"male";"24";"4";"6"
"837";"Mike";"female";"49";"6";"10"
"838";"Michele";"male";"29";"2";"3"
"839";"Sabrina";"female";"28";"5";"2"
"840";"Jeremy";"female";"19";"7";"4"
"841";"Kenny";"male";"49";"6";"8"
"842";"Maria";"male";"31";"10";"9"
"843";"Ismael";"male";"45";"6";"9"
"844";"Tami";"female";"18";"1";"5"
"845";"Marc";"female";"23";"5";"10"
"846";"Beulah";"male";"24";"9";"8"
"847";"Mack";"male";"28";"2";"6"
"848";"Georgia";"female";"32";"7";"6"
"849";"Tommie";"male";"19";"8";"10"
"850";"Kimberly";"female";"47";"3";"5"
"851";"Penny";"female";"19";"3";"5"
"852";"Derek";"male";"31";"10";"3"
"853";"Kara";"male";"36";"7";"4"
"854";"Cassandra";"male";"40";"3";"6"
"855";"Elisa";"male";"36";"10";"1"
"856";"Mattie";"female";"29";"8";"10"
"857";"Edgar";"male";"18";"9";"1"
"858";"Alexis";"female";"49";"8";"8"
"859";"Joyce";"male";"18";"3";"5"
"860";"Jessica";"female";"29";"1";"9"
"861";"Lena";"female";"32";"8";"4"
"862";"Casey";"female";"33";"7";"4"
"863";"Emilio";"female";"32";"10";"10"
"864";"Otis";"male";"29";"3";"5"
"865";"Pete";"male";"23";"1";"2"
"866";"Candace";"male";"39";"8";"6"
"867";"Sam";"male";"31";"6";"4"
"868";"Rick";"female";"30";"4";"5"
"869";"Tracey";"male";"31";"2";"8"
"870";"Simon";"female";"38";"8";"10"
"871";"Kim";"male";"31";"8";"7"
"872";"Clifton";"female";"33";"7";"1"
"873";"Austin";"female";"30";"6";"7"
"874";"Beatrice";"female";"33";"3";"5"
"875";"Jackie";"female";"45";"6";"1"
"876";"Javier";"female";"47";"5";"1"
"877";"Hugo";"female";"32";"1";"8"
"878";"Vanessa";"female";"46";"2";"8"
"879";"Fred";"male";"39";"9";"1"
"880";"Holly";"female";"32";"3";"7"
"881";"Ralph";"male";"26";"1";"3"
"882";"Bessie";"female";"41";"10";"9"
"883";"Lois";"male";"26";"8";"10"
"884";"Gail";"female";"34";"1";"8"
"885";"Lester";"male";"46";"8";"6"
"886";"Antonio";"male";"31";"4";"3"
"887";"Kristopher";"male";"35";"2";"8"
"888";"Abraham";"female";"37";"1";"3"
"889";"Connie";"male";"46";"4";"7"
"890";"Micheal";"female";"40";"7";"6"
"891";"Emily";"male";"31";"1";"4"
"892";"Arturo";"male";"30";"2";"8"
"893";"Stephen";"male";"26";"4";"6"
"894";"Barbara";"female";"25";"1";"1"
"895";"Evan";"female";"33";"10";"1"
"896";"Marlon";"male";"49";"1";"6"
"897";"Elsie";"female";"32";"2";"9"
"898";"Clyde";"male";"33";"5";"10"
"899";"Owen";"female";"22";"1";"10"
"900";"Sharon";"male";"33";"6";"3"
"901";"Jerry";"male";"31";"9";"6"
"902";"Joey";"female";"48";"7";"10"
"903";"Bridget";"female";"18";"1";"1"
"904";"Joy";"male";"28";"3";"2"
"905";"Audrey";"male";"28";"3";"10"
"906";"Timothy";"male";"39";"8";"10"
"907";"Leonard";"male";"37";"1";"3"
"908";"Sherry";"female";"40";"9";"8"
"909";"Edith";"female";"21";"8";"3"
"910";"Ryan";"male";"33";"2";"1"
"911";"Cora";"female";"34";"9";"10"
"912";"Ramona";"male";"43";"7";"5"
"913";"Mark";"male";"39";"2";"4"
"914";"Barry";"male";"32";"7";"1"
"915";"Winston";"male";"22";"5";"5"
"916";"Lana";"male";"47";"3";"7"
"917";"Wm";"female";"32";"4";"9"
"918";"Howard";"male";"39";"1";"5"
"919";"Alicia";"female";"31";"2";"3"
"920";"Dixie";"male";"45";"5";"3"
"921";"Harriet";"male";"24";"5";"1"
"922";"Clyde";"female";"32";"2";"4"
"923";"Carlton";"female";"22";"5";"7"
"924";"Wallace";"male";"32";"2";"2"
"925";"Holly";"female";"36";"8";"4"
"926";"Claudia";"female";"41";"6";"4"
"927";"Sophia";"female";"32";"8";"2"
"928";"Lucille";"male";"46";"5";"3"
"929";"Ramona";"male";"40";"7";"7"
"930";"Whitney";"female";"35";"1";"9"
"931";"Kyle";"male";"28";"10";"8"
"932";"Lonnie";"female";"31";"6";"3"
"933";"Franklin";"female";"38";"7";"5"
"934";"Jerald";"male";"47";"9";"10"
"935";"Jaime";"male";"42";"4";"3"
"936";"Justin";"male";"32";"4";"2"
"937";"Mitchell";"male";"34";"3";"5"
"938";"Esther";"female";"39";"1";"9"
"939";"Jenny";"female";"22";"4";"1"
"940";"Gail";"female";"23";"6";"5"
"941";"Joy";"male";"35";"4";"5"
"942";"Jack";"female";"42";"10";"8"
"943";"Ismael";"female";"23";"5";"1"
"944";"Darlene";"female";"47";"1";"2"
"945";"Sheila";"male";"29";"3";"10"
"946";"Doris";"female";"45";"2";"1"
"947";"Katie";"female";"27";"8";"6"
"948";"Dana";"male";"30";"7";"9"
"949";"Ray";"male";"47";"9";"9"
"950";"Crystal";"male";"20";"8";"4"
"951";"Toby";"male";"45";"6";"10"
"952";"Daryl";"female";"40";"3";"1"
"953";"Austin";"female";"32";"7";"2"
"954";"Jerome";"female";"19";"4";"8"
"955";"Michele";"female";"40";"1";"1"
"956";"Margie";"female";"32";"3";"4"
"957";"Gerardo";"female";"20";"4";"4"
"958";"Jamie";"female";"37";"1";"9"
"959";"Angel";"female";"18";"5";"9"
"960";"Rolando";"male";"47";"6";"6"
"961";"Donnie";"female";"46";"4";"5"
"962";"Lana";"female";"36";"6";"5"
"963";"Perry";"male";"22";"2";"8"
"964";"Garrett";"female";"36";"5";"5"
"965";"Paulette";"male";"46";"3";"6"
"966";"Cesar";"male";"25";"5";"10"
"967";"Bethany";"female";"33";"3";"6"
"968";"Ricardo";"male";"41";"2";"10"
"969";"Harry";"female";"35";"3";"3"
"970";"Penny";"female";"36";"8";"2"
"971";"Bruce";"male";"41";"2";"5"
"972";"Dominic";"male";"48";"3";"10"
"973";"Darrin";"female";"50";"1";"6"
"974";"Christopher";"male";"25";"1";"10"
"975";"Tomas";"female";"27";"3";"8"
"976";"Jo";"male";"40";"5";"10"
"977";"Deborah";"female";"22";"8";"6"
"978";"Marshall";"female";"48";"9";"1"
"979";"Josh";"female";"44";"8";"8"
"980";"Jean";"male";"23";"2";"6"
"981";"Karla";"female";"22";"3";"7"
"982";"Timmy";"male";"25";"4";"8"
"983";"Marguerite";"female";"43";"7";"8"
"984";"Nicole";"female";"35";"9";"6"
"985";"Terri";"male";"42";"7";"1"
"986";"Amber";"male";"41";"8";"8"
"987";"Ross";"male";"50";"1";"5"
"988";"June";"male";"22";"1";"1"
"989";"Wilbert";"male";"40";"6";"7"
"990";"Jana";"male";"22";"4";"6"
"991";"Julie";"female";"38";"2";"9"
"992";"Gary";"male";"42";"2";"4"
"993";"Sylvia";"female";"26";"3";"3"
"994";"Molly";"male";"46";"8";"8"
"995";"Erika";"male";"30";"5";"2"
"996";"Angelo";"female";"26";"3";"10"
"997";"Clint";"female";"18";"6";"6"
"998";"Lydia";"male";"21";"7";"3"
"999";"Cameron";"male";"42";"2";"5"
"1000";"Rex";"female";"39";"4";"5"